year,make,model,trim
2024,Acura,ILX,Base
2024,Acura,ILX,Premium
2024,Acura,MDX,Base
2024,Acura,MDX,Technology
2024,Acura,MDX,Premium
2024,Acura,RDX,Base
2024,Acura,RDX,Technology
2024,Acura,RDX,A-Spec
2024,Acura,TLX,Base
2024,Acura,TLX,Technology
2024,Acura,TLX,A-Spec
2024,Acura,TSX,Base
2024,Acura,TSX,Premium
2023,Acura,ILX,Base
2023,Acura,ILX,Premium
2023,Acura,MDX,Base
2023,Acura,MDX,Technology
2023,Acura,MDX,Premium
2023,Acura,MDX,Type-S
2023,Acura,RDX,Base
2023,Acura,RDX,Technology
2023,Acura,RDX,A-Spec
2023,Acura,TLX,Base
2023,Acura,TLX,Technology
2023,Acura,TLX,A-Spec
2023,Acura,TLX,Type-S
2022,Acura,ILX,Base
2022,Acura,ILX,Premium
2022,Acura,MDX,Base
2022,Acura,MDX,Technology
2022,Acura,MDX,Premium
2022,Acura,RDX,Base
2022,Acura,RDX,Technology
2022,Acura,RDX,A-Spec
2022,Acura,TLX,Base
2022,Acura,TLX,Technology
2022,Acura,TLX,A-Spec
2022,Acura,TLX,Type-S
2021,Acura,ILX,Base
2021,Acura,ILX,Premium
2021,Acura,ILX,A-Spec
2021,Acura,MDX,Base
2021,Acura,MDX,Technology
2021,Acura,MDX,A-Spec
2021,Acura,RDX,Base
2021,Acura,RDX,Technology
2021,Acura,RDX,A-Spec
2021,Acura,RDX,PMC Edition
2021,Acura,TLX,Base
2021,Acura,TLX,Technology
2021,Acura,TLX,A-Spec
2021,Acura,TLX,Advance
2020,Acura,ILX,Base
2020,Acura,ILX,Premium
2020,Acura,ILX,A-Spec
2020,Acura,MDX,Base
2020,Acura,MDX,Technology
2020,Acura,MDX,A-Spec
2020,Acura,RDX,Base
2020,Acura,RDX,Technology
2020,Acura,RDX,A-Spec
2020,Acura,TLX,Base
2020,Acura,TLX,Technology
2020,Acura,TLX,A-Spec
2020,Acura,TLX,SH-AWD
2020,Acura,TSX,Base
2020,Acura,TSX,Technology
2019,Acura,ILX,Base
2019,Acura,ILX,Premium
2019,Acura,ILX,A-Spec
2019,Acura,ILX,A-Spec Sport Touring
2019,Acura,MDX,Base
2019,Acura,MDX,Technology
2019,Acura,MDX,A-Spec
2019,Acura,RDX,Base
2019,Acura,RDX,Technology
2019,Acura,RDX,A-Spec
2019,Acura,RDX,A-Spec PMC Edition
2019,Acura,TLX,Base
2019,Acura,TLX,Technology
2019,Acura,TLX,A-Spec
2019,Acura,TLX,SH-AWD
2019,Acura,TSX,Base
2019,Acura,TSX,Technology
2019,Acura,TSX,SH-AWD
2018,Acura,ILX,Base
2018,Acura,ILX,Premium
2018,Acura,ILX,A-Spec
2018,Acura,ILX,A-Spec Sport Touring
2018,Acura,MDX,Base
2018,Acura,MDX,Technology
2018,Acura,MDX,A-Spec
2018,Acura,MDX,Elite
2018,Acura,MDX,Elite SH-AWD
2018,Acura,RDX,Base
2018,Acura,RDX,Technology
2018,Acura,RDX,A-Spec
2018,Acura,RDX,Elite
2018,Acura,TLX,Base
2018,Acura,TLX,Technology
2018,Acura,TLX,A-Spec
2018,Acura,TLX,SH-AWD
2018,Acura,TLX,Elite SH-AWD
2018,Acura,TSX,Base
2018,Acura,TSX,Technology
2018,Acura,TSX,SH-AWD
2017,Acura,ILX,Base
2017,Acura,ILX,Premium
2017,Acura,ILX,A-Spec
2017,Acura,ILX,A-Spec Sport Touring
2017,Acura,MDX,Base
2017,Acura,MDX,Technology
2017,Acura,MDX,A-Spec
2017,Acura,MDX,Elite
2017,Acura,RDX,Base
2017,Acura,RDX,Technology
2017,Acura,RDX,A-Spec
2017,Acura,RDX,Elite
2017,Acura,TLX,Base
2017,Acura,TLX,Technology
2017,Acura,TLX,A-Spec
2017,Acura,TLX,SH-AWD
2017,Acura,TLX,Elite SH-AWD
2017,Acura,TSX,Base
2017,Acura,TSX,Premium
2017,Acura,TSX,Technology
2016,Acura,ILX,Base
2016,Acura,ILX,Premium
2016,Acura,ILX,A-Spec
2016,Acura,ILX,A-Spec Sport Touring
2016,Acura,MDX,Base
2016,Acura,MDX,Technology
2016,Acura,MDX,A-Spec
2016,Acura,MDX,Elite
2016,Acura,MDX,Elite SH-AWD
2016,Acura,RDX,Base
2016,Acura,RDX,Technology
2016,Acura,RDX,A-Spec
2016,Acura,RDX,Elite
2016,Acura,RDX,Elite SH-AWD
2016,Acura,TLX,Base
2016,Acura,TLX,Technology
2016,Acura,TLX,A-Spec
2016,Acura,TLX,V6 SH-AWD
2016,Acura,TLX,V6 Elite SH-AWD
2016,Acura,TSX,Base
2016,Acura,TSX,Premium
2016,Acura,TSX,SH-AWD
2015,Acura,ILX,Base
2015,Acura,ILX,Premium
2015,Acura,ILX,A-Spec
2015,Acura,MDX,Base
2015,Acura,MDX,Technology
2015,Acura,MDX,A-Spec
2015,Acura,MDX,Elite
2015,Acura,RDX,Base
2015,Acura,RDX,Technology
2015,Acura,RDX,A-Spec
2015,Acura,RDX,Elite
2015,Acura,TLX,Base
2015,Acura,TLX,Technology
2015,Acura,TLX,A-Spec
2015,Acura,TLX,V6 SH-AWD
2015,Acura,TSX,Base
2015,Acura,TSX,Premium
2015,Acura,TSX,SH-AWD
2015,Acura,TSX,SH-AWD Premium
2014,Acura,ILX,Base
2014,Acura,ILX,Premium
2014,Acura,ILX,A-Spec
2014,Acura,ILX,Hybrid Base
2014,Acura,ILX,Hybrid Premium
2014,Acura,MDX,Base
2014,Acura,MDX,Technology
2014,Acura,MDX,A-Spec
2014,Acura,MDX,Elite
2014,Acura,RDX,Base
2014,Acura,RDX,Technology
2014,Acura,RDX,A-Spec
2014,Acura,RDX,Elite
2014,Acura,TSX,Base
2014,Acura,TSX,Premium
2014,Acura,TSX,SH-AWD
2014,Acura,TSX,SH-AWD Premium
2014,Acura,TSX V6,Base
2014,Acura,TSX V6,Premium
2013,Acura,ILX,Base
2013,Acura,ILX,Premium
2013,Acura,ILX,A-Spec
2013,Acura,ILX,Hybrid Base
2013,Acura,ILX,Hybrid Premium
2013,Acura,MDX,Base
2013,Acura,MDX,Technology
2013,Acura,MDX,A-Spec
2013,Acura,MDX,Elite
2013,Acura,RDX,Base
2013,Acura,RDX,Technology
2013,Acura,RDX,A-Spec
2013,Acura,RDX,Elite
2013,Acura,TSX,Base
2013,Acura,TSX,Premium
2013,Acura,TSX,SH-AWD
2013,Acura,TSX,SH-AWD Premium
2013,Acura,TSX V6,Base
2013,Acura,TSX V6,Premium
2013,Acura,TSX V6,SH-AWD
2012,Acura,MDX,Base
2012,Acura,MDX,Technology
2012,Acura,MDX,A-Spec
2012,Acura,MDX,Elite
2012,Acura,RDX,Base
2012,Acura,RDX,Technology
2012,Acura,RDX,A-Spec
2012,Acura,RDX,Elite
2012,Acura,TSX,Base
2012,Acura,TSX,Premium
2012,Acura,TSX,SH-AWD
2012,Acura,TSX,SH-AWD Premium
2012,Acura,TSX V6,Base
2012,Acura,TSX V6,Premium
2012,Acura,TSX V6,SH-AWD
2012,Acura,TSX V6,SH-AWD Premium
2012,Acura,TL,Base
2012,Acura,TL,Premium
2012,Acura,TL,SH-AWD
2012,Acura,TL,SH-AWD Premium
2012,Acura,TL,SH-AWD Elite
2011,Acura,MDX,Base
2011,Acura,MDX,Technology
2011,Acura,MDX,A-Spec
2011,Acura,MDX,Elite
2011,Acura,RDX,Base
2011,Acura,RDX,Technology
2011,Acura,RDX,A-Spec
2011,Acura,RDX,Elite
2011,Acura,TSX,Base
2011,Acura,TSX,Premium
2011,Acura,TSX,SH-AWD
2011,Acura,TSX,SH-AWD Premium
2011,Acura,TSX V6,Base
2011,Acura,TSX V6,Premium
2011,Acura,TSX V6,SH-AWD
2011,Acura,TSX V6,SH-AWD Premium
2011,Acura,TL,Base
2011,Acura,TL,Premium
2011,Acura,TL,SH-AWD
2011,Acura,TL,SH-AWD Premium
2011,Acura,TL,SH-AWD Elite
