year,make,model,trim
2024,Acura,ILX,Base
2024,Acura,ILX,Premium
2024,Acura,MDX,Base
2024,Acura,MDX,Technology
2024,Acura,MDX,Premium
2024,Acura,RDX,Base
2024,Acura,RDX,Technology
2024,Acura,RDX,A-Spec
2024,Acura,TLX,Base
2024,Acura,TLX,Technology
2024,Acura,TLX,A-Spec
2024,Audi,A3,Base
2024,Audi,A3,Premium
2024,Audi,A4,Base
2024,Audi,A4,Premium
2024,Audi,A6,Base
2024,Audi,A6,Premium
2024,Audi,Q3,Base
2024,Audi,Q3,Premium
2024,Audi,Q5,Base
2024,Audi,Q5,Premium
2024,Audi,Q7,Base
2024,Audi,Q7,Premium
2024,BMW,3 Series,320i
2024,BMW,3 Series,330i
2024,BMW,3 Series,340i
2024,BMW,5 Series,540i
2024,BMW,7 Series,740i
2024,BMW,X1,sDrive28i
2024,BMW,X3,sDrive30i
2024,BMW,X3,xDrive30i
2024,BMW,X3,xDrive40i
2024,BMW,X5,xDrive40i
2024,BMW,X5,xDrive50i
2024,BMW,X7,xDrive40i
2024,Cadillac,Escalade,Luxury
2024,Cadillac,Escalade,Premium
2024,Cadillac,XT5,Base
2024,Cadillac,XT5,Luxury
2024,Cadillac,XT6,Base
2024,Cadillac,XT6,Luxury
2024,Chevrolet,Blazer,L
2024,Chevrolet,Blazer,LT
2024,Chevrolet,Blazer,RS
2024,Chevrolet,Colorado,Base
2024,Chevrolet,Colorado,LT
2024,Chevrolet,Colorado,Z71
2024,Chevrolet,Corvette,Stingray
2024,Chevrolet,Corvette,Z06
2024,Chevrolet,Equinox,L
2024,Chevrolet,Equinox,LT
2024,Chevrolet,Equinox,RS
2024,Chevrolet,Malibu,L
2024,Chevrolet,Malibu,LT
2024,Chevrolet,Silverado 1500,Regular Cab Base
2024,Chevrolet,Silverado 1500,Double Cab LT
2024,Chevrolet,Silverado 1500,Crew Cab LT
2024,Chevrolet,Silverado 1500,Crew Cab High Country
2024,Chevrolet,Suburban,LS
2024,Chevrolet,Suburban,LT
2024,Chevrolet,Suburban,Z71
2024,Chevrolet,Tahoe,LS
2024,Chevrolet,Tahoe,LT
2024,Chevrolet,Tahoe,Z71
2024,Chevrolet,TrailBlazer,L
2024,Chevrolet,TrailBlazer,LT
2024,Chevrolet,Traverse,L
2024,Chevrolet,Traverse,LT
2024,Chevrolet,Traverse,RS
2024,Chevrolet,Trax,L
2024,Chevrolet,Trax,LT
2024,Chrysler,300,Base
2024,Chrysler,300,Touring
2024,Chrysler,300,Limited
2024,Chrysler,Pacifica,Base
2024,Chrysler,Pacifica,Touring
2024,Chrysler,Pacifica,Hybrid Touring
2024,Chrysler,Pacifica,Limited
2024,Dodge,Charger,SXT
2024,Dodge,Charger,R/T
2024,Dodge,Charger,R/T Scat Pack
2024,Dodge,Durango,SXT
2024,Dodge,Durango,R/T
2024,Dodge,Ram 1500,Tradesman
2024,Dodge,Ram 1500,Big Horn
2024,Dodge,Ram 1500,Rebel
2024,Dodge,Ram 1500,Laramie
2024,Ford,Edge,SE
2024,Ford,Edge,SEL
2024,Ford,Escape,S
2024,Ford,Escape,SEL
2024,Ford,Escape,Titanium
2024,Ford,Expedition,Base
2024,Ford,Expedition,Limited
2024,Ford,Expedition,Max Limited
2024,Ford,Explorer,Base
2024,Ford,Explorer,XLT
2024,Ford,Explorer,Limited
2024,Ford,Explorer,Platinum
2024,Ford,F-150,Regular Cab XLT
2024,Ford,F-150,SuperCrew XLT
2024,Ford,F-150,SuperCrew Lariat
2024,Ford,F-150,SuperCrew King Ranch
2024,Ford,F-150,SuperCrew Platinum
2024,Ford,Fusion,S
2024,Ford,Fusion,SE
2024,Ford,Mustang,EcoBoost
2024,Ford,Mustang,GT
2024,Ford,Ranger,SuperCrew XLT
2024,Ford,Ranger,SuperCrew Lariat
2024,GMC,Acadia,SLE
2024,GMC,Acadia,SLT
2024,GMC,Acadia,Denali
2024,GMC,Canyon,Base
2024,GMC,Canyon,SLE
2024,GMC,Canyon,SLT
2024,GMC,Sierra 1500,Regular Cab Base
2024,GMC,Sierra 1500,Crew Cab SLE
2024,GMC,Sierra 1500,Crew Cab SLT
2024,GMC,Sierra 1500,Crew Cab Denali
2024,GMC,Sierra 1500,Crew Cab Denali Ultimate
2024,GMC,Terrain,SLE
2024,GMC,Terrain,SLT
2024,GMC,Yukon,SLE
2024,GMC,Yukon,SLT
2024,GMC,Yukon,Denali
2024,Honda,Accord,LX
2024,Honda,Accord,Sport
2024,Honda,Accord,EX
2024,Honda,Accord,Touring
2024,Honda,Civic,LX
2024,Honda,Civic,Sport
2024,Honda,Civic,EX
2024,Honda,Civic,Touring
2024,Honda,CR-V,LX
2024,Honda,CR-V,EX
2024,Honda,CR-V,EX-L
2024,Honda,Fit,LX
2024,Honda,Fit,Sport
2024,Honda,HR-V,LX
2024,Honda,HR-V,EX
2024,Honda,HR-V,Sport
2024,Honda,Odyssey,LX
2024,Honda,Odyssey,EX
2024,Honda,Odyssey,EX-L
2024,Honda,Odyssey,Touring
2024,Honda,Pilot,LX
2024,Honda,Pilot,EX
2024,Honda,Pilot,EX-L
2024,Honda,Pilot,Touring
2024,Honda,Ridgeline,RT
2024,Honda,Ridgeline,RTL
2024,Honda,Ridgeline,RTL-E
2024,Hyundai,Elantra,Essential
2024,Hyundai,Elantra,Preferred
2024,Hyundai,Elantra,Ultimate
2024,Hyundai,Ioniq,SE
2024,Hyundai,Ioniq,SEL
2024,Hyundai,Ioniq,Limited
2024,Hyundai,Santa Fe,Essential
2024,Hyundai,Santa Fe,Preferred
2024,Hyundai,Santa Fe,Ultimate
2024,Hyundai,Sonata,Essential
2024,Hyundai,Sonata,Preferred
2024,Hyundai,Sonata,Ultimate
2024,Hyundai,Tucson,Essential
2024,Hyundai,Tucson,Preferred
2024,Hyundai,Tucson,Ultimate
2024,Hyundai,Venue,Essential
2024,Hyundai,Venue,Preferred
2024,Hyundai,Venue,Ultimate
2024,Infiniti,Q50,Pure
2024,Infiniti,Q50,Luxe
2024,Infiniti,Q50,Red Sport
2024,Infiniti,Q60,Pure
2024,Infiniti,Q60,Luxe
2024,Infiniti,QX50,Pure
2024,Infiniti,QX50,Luxe
2024,Infiniti,QX60,Pure
2024,Infiniti,QX60,Luxe
2024,Infiniti,QX80,Luxe
2024,Jeep,Cherokee,Sport
2024,Jeep,Cherokee,Limited
2024,Jeep,Cherokee,Trailhawk
2024,Jeep,Compass,Sport
2024,Jeep,Compass,Limited
2024,Jeep,Grand Cherokee,Laredo
2024,Jeep,Grand Cherokee,Limited
2024,Jeep,Grand Cherokee,Trailhawk
2024,Jeep,Grand Cherokee,4xe Plug-in
2024,Jeep,Renegade,Sport
2024,Jeep,Renegade,Limited
2024,Jeep,Wrangler,Sport
2024,Jeep,Wrangler,Willys
2024,Jeep,Wrangler,Sport S
2024,Jeep,Wrangler,Rubicon
2024,Jeep,Wrangler,High Altitude
2024,Kia,Forte,FX
2024,Kia,Forte,S
2024,Kia,Forte,EX
2024,Kia,Niro,FX
2024,Kia,Niro,EX
2024,Kia,Niro,SX
2024,Kia,Optima,LX
2024,Kia,Optima,EX
2024,Kia,Seltos,LX
2024,Kia,Seltos,S
2024,Kia,Seltos,EX
2024,Kia,Sorento,LX
2024,Kia,Sorento,EX
2024,Kia,Sorento,SX
2024,Kia,Soul,LX
2024,Kia,Soul,EX
2024,Kia,Soul,SX
2024,Kia,Sportage,LX
2024,Kia,Sportage,EX
2024,Kia,Sportage,SX
2024,Lexus,ES,Base
2024,Lexus,ES,Premium
2024,Lexus,ES,Ultra Luxury
2024,Lexus,GX,Base
2024,Lexus,GX,Premium
2024,Lexus,GX,Ultra Luxury
2024,Lexus,IS,Base
2024,Lexus,IS,Premium
2024,Lexus,IS,F Sport
2024,Lexus,LX,Base
2024,Lexus,LX,Premium
2024,Lexus,LX,Ultra Luxury
2024,Lexus,NX,Base
2024,Lexus,NX,Premium
2024,Lexus,NX,F Sport
2024,Lexus,RX,Base
2024,Lexus,RX,Premium
2024,Lexus,RX,Ultra Luxury
2024,Lexus,RX,F Sport
2024,Lexus,UX,Base
2024,Lexus,UX,Premium
2024,Lincoln,Aviator,Standard
2024,Lincoln,Aviator,Select
2024,Lincoln,Aviator,Reserve
2024,Lincoln,Corsair,Standard
2024,Lincoln,Corsair,Select
2024,Lincoln,Corsair,Reserve
2024,Lincoln,Nautilus,Standard
2024,Lincoln,Nautilus,Select
2024,Lincoln,Nautilus,Reserve
2024,Mazda,3,Base
2024,Mazda,3,Preferred
2024,Mazda,3,Premium Plus
2024,Mazda,6,Base
2024,Mazda,6,Preferred
2024,Mazda,6,Turbo
2024,Mazda,CX-30,Base
2024,Mazda,CX-30,Preferred
2024,Mazda,CX-30,Premium Plus
2024,Mazda,CX-5,Base
2024,Mazda,CX-5,Preferred
2024,Mazda,CX-5,Premium Plus
2024,Mazda,CX-50,Base
2024,Mazda,CX-50,Preferred
2024,Mazda,CX-50,Premium Plus
2024,Mazda,CX-90,Base
2024,Mazda,CX-90,Preferred
2024,Mazda,CX-90,Premium Plus
2024,Mercedes-Benz,A-Class,Base
2024,Mercedes-Benz,A-Class,Premium
2024,Mercedes-Benz,C-Class,Base
2024,Mercedes-Benz,C-Class,Premium
2024,Mercedes-Benz,C-Class,AMG
2024,Mercedes-Benz,E-Class,Base
2024,Mercedes-Benz,E-Class,Premium
2024,Mercedes-Benz,E-Class,AMG
2024,Mercedes-Benz,GLC,Base
2024,Mercedes-Benz,GLC,Premium
2024,Mercedes-Benz,GLC,AMG
2024,Mercedes-Benz,GLE,Base
2024,Mercedes-Benz,GLE,Premium
2024,Mercedes-Benz,GLE,AMG
2024,Mercedes-Benz,GLS,Base
2024,Mercedes-Benz,GLS,Premium
2024,Mercedes-Benz,GLS,AMG
2024,Mitsubishi,Outlander,ES
2024,Mitsubishi,Outlander,LE
2024,Mitsubishi,Outlander,Premium
2024,Mitsubishi,RVR,ES
2024,Mitsubishi,RVR,LE
2024,Mitsubishi,RVR,Premium
2024,Nissan,Altima,S
2024,Nissan,Altima,SV
2024,Nissan,Altima,SL
2024,Nissan,Altima,Platinum
2024,Nissan,Armada,SV
2024,Nissan,Armada,SL
2024,Nissan,Armada,Platinum
2024,Nissan,Frontier,S
2024,Nissan,Frontier,SV
2024,Nissan,Frontier,PRO-4X
2024,Nissan,Kicks,S
2024,Nissan,Kicks,SV
2024,Nissan,Murano,S
2024,Nissan,Murano,SV
2024,Nissan,Murano,SL
2024,Nissan,Murano,Platinum
2024,Nissan,Pathfinder,S
2024,Nissan,Pathfinder,SV
2024,Nissan,Pathfinder,SL
2024,Nissan,Pathfinder,Platinum
2024,Nissan,Rogue,S
2024,Nissan,Rogue,SV
2024,Nissan,Rogue,SL
2024,Nissan,Rogue,Platinum
2024,Nissan,Sentra,S
2024,Nissan,Sentra,SV
2024,Nissan,Sentra,SL
2024,Nissan,Titan,S
2024,Nissan,Titan,SV
2024,Nissan,Titan,PRO-4X
2024,Nissan,Titan,Platinum
2024,Porsche,911,Carrera
2024,Porsche,911,Carrera S
2024,Porsche,911,Turbo
2024,Porsche,Cayenne,Base
2024,Porsche,Cayenne,S
2024,Porsche,Cayenne,Turbo
2024,Porsche,Macan,Base
2024,Porsche,Macan,S
2024,Porsche,Macan,Turbo
2024,Subaru,Crosstrek,Base
2024,Subaru,Crosstrek,Premium
2024,Subaru,Crosstrek,Sport
2024,Subaru,Forester,Base
2024,Subaru,Forester,Premium
2024,Subaru,Forester,Sport
2024,Subaru,Impreza,Base
2024,Subaru,Impreza,Premium
2024,Subaru,Impreza,Sport
2024,Subaru,Legacy,Base
2024,Subaru,Legacy,Premium
2024,Subaru,Legacy,Sport
2024,Subaru,Outback,Base
2024,Subaru,Outback,Premium
2024,Subaru,Outback,Sport
2024,Subaru,Solterra,Premium
2024,Subaru,Solterra,Limited
2024,Tesla,Model 3,Standard Range
2024,Tesla,Model 3,Long Range
2024,Tesla,Model 3,Performance
2024,Tesla,Model S,Base
2024,Tesla,Model S,Plaid
2024,Tesla,Model X,Base
2024,Tesla,Model X,Plaid
2024,Tesla,Model Y,RWD
2024,Tesla,Model Y,Long Range
2024,Tesla,Model Y,Performance
2024,Toyota,4Runner,SR5
2024,Toyota,4Runner,Limited
2024,Toyota,4Runner,Venture
2024,Toyota,Camry,LE
2024,Toyota,Camry,SE
2024,Toyota,Camry,XLE
2024,Toyota,Camry,Hybrid LE
2024,Toyota,Corolla,L
2024,Toyota,Corolla,LE
2024,Toyota,Corolla,SE
2024,Toyota,Corolla Cross,L
2024,Toyota,Corolla Cross,LE
2024,Toyota,Corolla Cross,XLE
2024,Toyota,GR Corolla,Base
2024,Toyota,GR Corolla,Premium
2024,Toyota,GR Supra,A91-CF
2024,Toyota,GR Supra,3.0L
2024,Toyota,Highlander,LE
2024,Toyota,Highlander,XLE
2024,Toyota,Highlander,Limited
2024,Toyota,Highlander Hybrid,LE
2024,Toyota,Highlander Hybrid,XLE
2024,Toyota,Prius,LE
2024,Toyota,Prius,XLE
2024,Toyota,Prius,Limited
2024,Toyota,Prius Prime,LE
2024,Toyota,Prius Prime,XLE
2024,Toyota,RAV4,LE
2024,Toyota,RAV4,XLE
2024,Toyota,RAV4,Limited
2024,Toyota,RAV4,Prime LE
2024,Toyota,Sequoia,SR5
2024,Toyota,Sequoia,Limited
2024,Toyota,Sequoia,Platinum
2024,Toyota,Sienna,LE
2024,Toyota,Sienna,XLE
2024,Toyota,Sienna,Limited
2024,Toyota,Tacoma,Base
2024,Toyota,Tacoma,SR5
2024,Toyota,Tacoma,Limited
2024,Toyota,Tundra,SR5
2024,Toyota,Tundra,Limited
2024,Toyota,Tundra,Platinum
2024,Volkswagen,Golf,Base
2024,Volkswagen,Golf,Comfortline
2024,Volkswagen,Golf,Highline
2024,Volkswagen,ID.4,Base
2024,Volkswagen,ID.4,Standard
2024,Volkswagen,ID.4,Pro
2024,Volkswagen,Jetta,Base
2024,Volkswagen,Jetta,Comfortline
2024,Volkswagen,Jetta,Highline
2024,Volkswagen,Passat,Base
2024,Volkswagen,Passat,Comfortline
2024,Volkswagen,Passat,Highline
2024,Volkswagen,Tiguan,Base
2024,Volkswagen,Tiguan,Comfortline
2024,Volkswagen,Tiguan,Highline
2024,Volvo,S60,Momentum
2024,Volvo,S60,R-Design
2024,Volvo,S60,Inscription
2024,Volvo,S90,Momentum
2024,Volvo,S90,R-Design
2024,Volvo,S90,Inscription
2024,Volvo,V90,Momentum
2024,Volvo,V90,R-Design
2024,Volvo,V90,Inscription
2024,Volvo,XC40,Momentum
2024,Volvo,XC40,R-Design
2024,Volvo,XC40,Inscription
2024,Volvo,XC60,Momentum
2024,Volvo,XC60,R-Design
2024,Volvo,XC60,Inscription
2024,Volvo,XC90,Momentum
2024,Volvo,XC90,R-Design
2024,Volvo,XC90,Inscription
